<?xml version="1.0" encoding="UTF-8"?>
<configurationDescriptor version="100">
  <logicalFolder name="root" displayName="root" projectFiles="true" kind="ROOT">
    <logicalFolder name="HeaderFiles"
                   displayName="Header Files"
                   projectFiles="true">
      <itemPath>Bus.h</itemPath>
      <itemPath>ComponenteEquipo.h</itemPath>
      <itemPath>Disco.h</itemPath>
      <itemPath>Equipo.h</itemPath>
      <itemPath>Tarjeta.h</itemPath>
      <itemPath>VisitanteEquipo.h</itemPath>
      <itemPath>VisitantePrecio.h</itemPath>
      <itemPath>VisitantePrecioDetalle.h</itemPath>
    </logicalFolder>
    <logicalFolder name="ResourceFiles"
                   displayName="Resource Files"
                   projectFiles="true">
    </logicalFolder>
    <logicalFolder name="SourceFiles"
                   displayName="Source Files"
                   projectFiles="true">
      <itemPath>Bus.cpp</itemPath>
      <itemPath>ComponenteEquipo.cpp</itemPath>
      <itemPath>Disco.cpp</itemPath>
      <itemPath>Equipo.cpp</itemPath>
      <itemPath>Tarjeta.cpp</itemPath>
      <itemPath>VisitanteEquipo.cpp</itemPath>
      <itemPath>VisitantePrecio.cpp</itemPath>
      <itemPath>VisitantePrecioDetalle.cpp</itemPath>
      <itemPath>cliente.cpp</itemPath>
    </logicalFolder>
    <logicalFolder name="TestFiles"
                   displayName="Test Files"
                   projectFiles="false"
                   kind="TEST_LOGICAL_FOLDER">
    </logicalFolder>
    <logicalFolder name="ExternalFiles"
                   displayName="Important Files"
                   projectFiles="false"
                   kind="IMPORTANT_FILES_FOLDER">
      <itemPath>Makefile</itemPath>
    </logicalFolder>
  </logicalFolder>
  <projectmakefile>Makefile</projectmakefile>
  <confs>
    <conf name="Debug" type="1">
      <toolsSet>
        <compilerSet>default</compilerSet>
        <dependencyChecking>true</dependencyChecking>
        <rebuildPropChanged>false</rebuildPropChanged>
      </toolsSet>
      <compileType>
      </compileType>
      <item path="Bus.cpp" ex="false" tool="1" flavor2="0">
      </item>
      <item path="Bus.h" ex="false" tool="3" flavor2="0">
      </item>
      <item path="ComponenteEquipo.cpp" ex="false" tool="1" flavor2="0">
      </item>
      <item path="ComponenteEquipo.h" ex="false" tool="3" flavor2="0">
      </item>
      <item path="Disco.cpp" ex="false" tool="1" flavor2="0">
      </item>
      <item path="Disco.h" ex="false" tool="3" flavor2="0">
      </item>
      <item path="Equipo.cpp" ex="false" tool="1" flavor2="0">
      </item>
      <item path="Equipo.h" ex="false" tool="3" flavor2="0">
      </item>
      <item path="Tarjeta.cpp" ex="false" tool="1" flavor2="0">
      </item>
      <item path="Tarjeta.h" ex="false" tool="3" flavor2="0">
      </item>
      <item path="VisitanteEquipo.cpp" ex="false" tool="1" flavor2="0">
      </item>
      <item path="VisitanteEquipo.h" ex="false" tool="3" flavor2="0">
      </item>
      <item path="VisitantePrecio.cpp" ex="false" tool="1" flavor2="0">
      </item>
      <item path="VisitantePrecio.h" ex="false" tool="3" flavor2="0">
      </item>
      <item path="VisitantePrecioDetalle.cpp" ex="false" tool="1" flavor2="0">
      </item>
      <item path="VisitantePrecioDetalle.h" ex="false" tool="3" flavor2="0">
      </item>
      <item path="cliente.cpp" ex="false" tool="1" flavor2="0">
      </item>
    </conf>
    <conf name="Release" type="1">
      <toolsSet>
        <compilerSet>default</compilerSet>
        <dependencyChecking>true</dependencyChecking>
        <rebuildPropChanged>false</rebuildPropChanged>
      </toolsSet>
      <compileType>
        <cTool>
          <developmentMode>5</developmentMode>
        </cTool>
        <ccTool>
          <developmentMode>5</developmentMode>
        </ccTool>
        <fortranCompilerTool>
          <developmentMode>5</developmentMode>
        </fortranCompilerTool>
        <asmTool>
          <developmentMode>5</developmentMode>
        </asmTool>
      </compileType>
      <item path="Bus.cpp" ex="false" tool="1" flavor2="0">
      </item>
      <item path="Bus.h" ex="false" tool="3" flavor2="0">
      </item>
      <item path="ComponenteEquipo.cpp" ex="false" tool="1" flavor2="0">
      </item>
      <item path="ComponenteEquipo.h" ex="false" tool="3" flavor2="0">
      </item>
      <item path="Disco.cpp" ex="false" tool="1" flavor2="0">
      </item>
      <item path="Disco.h" ex="false" tool="3" flavor2="0">
      </item>
      <item path="Equipo.cpp" ex="false" tool="1" flavor2="0">
      </item>
      <item path="Equipo.h" ex="false" tool="3" flavor2="0">
      </item>
      <item path="Tarjeta.cpp" ex="false" tool="1" flavor2="0">
      </item>
      <item path="Tarjeta.h" ex="false" tool="3" flavor2="0">
      </item>
      <item path="VisitanteEquipo.cpp" ex="false" tool="1" flavor2="0">
      </item>
      <item path="VisitanteEquipo.h" ex="false" tool="3" flavor2="0">
      </item>
      <item path="VisitantePrecio.cpp" ex="false" tool="1" flavor2="0">
      </item>
      <item path="VisitantePrecio.h" ex="false" tool="3" flavor2="0">
      </item>
      <item path="VisitantePrecioDetalle.cpp" ex="false" tool="1" flavor2="0">
      </item>
      <item path="VisitantePrecioDetalle.h" ex="false" tool="3" flavor2="0">
      </item>
      <item path="cliente.cpp" ex="false" tool="1" flavor2="0">
      </item>
    </conf>
  </confs>
</configurationDescriptor>
